Timestamp,Email,What is your first and last name,  I feel that I belong to this group.  ,  I see myself as part of this group.  ,I feel that I am a member of this group. ,If you had a magic wand how would you change these questions?,   I am happy to be part of this group.  ,I am content to be part of this group. ,This group is one of the best anywhere. ,If you had a magic wand how would you change these questions?,"When someone makes a mistake, it is often held against him or her",It is easy to discuss issues and problems in this group. ,Participants are sometimes rejected for having different opinions,It is completely safe to take a risk in group discussions. ,It is difficult to ask other participants for help,No participant deliberately undermines another participant,Participants value and respect other's contributions,If you had a magic wand how would you change these questions?,  Participants seek feedback from one another.  ,A difference of opinion is held as a teaching/learning opportunity. ,Problems or errors are communicated appropriately. ,Participants actively seek new information from each other.,Participants talk openly about mistakes or misconceptions. ,  Participants raise concerns about plans or decisions.  ,Multidisciplinary/diverse views are presented and respected. ,If you had a magic wand how would you change these questions?,Did you have the same group the entire time?,"If you picked NO in the question above please explain WHY?
If you Picked YES please just input N/A","If you picked YES in the first question of this section, please list the people in the group you switched to.
If you picked NO in the first question of this section please put N/A"
4/15/2026 12:45:10,mtedeschi@uri.edu,Michael Tedeschi,5,5,5,I think they are good (however didn't some students work solo during M2?),1,1,1,I'm not sure why you flipped the scale (contrapositive???). My group was in fact the best anywhere (and everywhere) (Isaac is the GOAT),1,5,1,5,1,5,5,I would normalize the scales so that they are all similar (the questions tend to results that vary),5,5,5,5,5,5,5,I think these are good questions (although we didn't really have disagreements about direction). ,Yes,N/A,I didn't switch groups but I worked with Isaac Richards the entire time
4/15/2026 14:56:29,smmmdi10@uri.edu,Samuel Campanella,5,5,5,,1,1,1,"The side that ""Strongly Agree"" and ""Strongly Disagree"" are on switched between this question and the last question.",3,5,1,5,1,5,5,,5,5,5,5,5,5,5,,Yes,N/A,N/A
4/15/2026 19:21:12,kai_maffucci@uri.edu,Kai Maffucci,5,5,5,I dont know honestly,5,5,5,Idk,1,4,1,5,1,5,5,Idk,5,1,5,5,3,2,2,"""Mistakes are talked about often"" has two separate connotations. I would be more specific",Yes,N/a,n/a
4/15/2026 20:35:03,paolo.montelbano@uri.edu,Paolo Montelbano,1,1,1,,3,3,1,,1,4,2,3,2,4,3,,2,4,4,2,3,3,4,,Yes,N/A,N/A
4/16/2026 0:07:19,ekambeer.grewal@uri.edu,Ekambeer Grewal,4,4,4,,4,4,4,,2,4,1,3,3,4,3,,3,2,3,3,4,3,4,,Yes,n/a,n/a
4/16/2026 9:47:33,jack_nystrom@uri.edu,Jack Nystrom,2,2,2,,4,4,3,,2,4,2,5,1,5,5,,3,2,4,3,3,2,1,,Yes,NA,NA
4/16/2026 11:40:43,nicolle_cuterez@uri.edu,Nicolle Cuterez,5,5,5,,5,5,5,,1,5,1,5,1,5,5,,5,5,5,5,5,5,5,,Yes,N/A,N/A I stayed in the same group so i said yes ?
4/16/2026 12:43:48,daniel_sanguino@uri.edu,Daniel Sanguino,5,5,5,,4,4,4,,3,4,5,4,1,5,5,,3,3,4,3,3,3,3,,Yes,N/A,Kevin Vu
4/16/2026 14:01:08,aldawson1@gmail.com,Andrew Dawson,4,4,4,,1,1,3,,2,2,2,3,1,4,4,,4,4,4,4,4,4,4,,Yes,N/A,Jurang Liu
4/16/2026 15:47:12,alejandrowu@uri.edu,Ale Wu,3,3,3,,3,3,3,,4,4,2,4,2,4,5,,3,4,3,3,2,3,2,,Yes,N/A,CJ Balmaceda
4/16/2026 17:23:43,nathan.oden@uri.edu,Nathan Oden,3,3,3,These questions all feel the same.,3,3,4,Match the 1-5 scale from the previous section instead of swapping it.,2,2,2,3,3,4,3,,2,3,4,2,2,3,3,,Yes,N/A,"N/A, I did not switch"
4/17/2026 12:21:48,alyana_barbosa@uri.edu,Alyana Barbosa,5,5,5,,5,5,5,,2,4,2,3,2,4,5,,5,5,5,5,5,5,5,,Yes,N/A,N/A
4/17/2026 15:47:58,ayishat.oguntade@uri.edu,Ayishat Oguntade,5,5,5,,5,5,5,,2,4,1,3,3,1,5,,5,4,4,4,4,4,4,,Yes,I like my teammate ,na
4/17/2026 21:12:59,cwoodring@uri.edu,Camille Woodring,4,4,4,It just seems like the same question slightly rephrased but not rephrased enough to change my answer,4,5,3,,2,4,2,3,2,5,4,,4,4,4,2,3,3,3,,Yes,I had the same group the entire time - however two of us collaborated in person and a third collaborated from online.,N/A
4/21/2026 16:06:01,gregory_piturro@uri.edu,Gregory Piturro,3,4,5,"Questions could be slightly more distinct to recognize physically being in a group, versus a person's identity being part of the group. Specifically, between the ""part of this group"" and ""member of this group"" questions.",4,3,5,"Why are the ""Strongly Agree"" and ""Strongly DIsagree"" labels backwards from the previous series of questions? I think that should be changed for greater consistency.",4,1,1,3,5,5,4,"These ones seem pretty solid, no change needed",4,2,4,5,3,3,4,,No,"First group was found to be dysfunctional, too many general ideas accepted without criticism. I may have been part of the problem but I'm certainly only a part of it and not the whole.",N/A
4/21/2026 16:33:51,ekambeer.grewal@uri.edu,Ekambeer Grewal,3,3,2,,4,3,4,,2,3,2,4,3,3,2,,2,3,3,2,4,2,3,,Yes,n/a,what
4/21/2026 18:30:15,josh.benros@uri.edu,Joshua Benros,3,3,3,,3,3,3,,3,3,3,3,3,3,3,,3,3,3,3,3,3,3,,Yes,N/A,N/A
5/2/2026 19:15:06,natasha.egd@gmail.com,Chloe Delgorge,3,3,3,,3,3,3,,1,4,1,3,3,5,4,,4,2,3,4,5,5,4,,Yes,n/a,n/a