Timestamp,Email Address,What is your first and last name,When I operate new equipment I generally: ,"When I cook a new dish, I like to ","If I am teaching someone something new, I tend to ",I tend to say,During my free time I mostly enjoy,"When I go shopping for clothes, I tend to",When I am choosing a holiday I usually,"If I was buying a new car, I would","When I am learning a new skill, I am most comfortable","If I am picking food off a menu, I tend to","When I listen to a band, I can't help","When I concentrate, I most often",I choose household furnishings because I like ,My first memory is of,"When i am anxious, I",I feel especially connected to other people because of ,"When I have to revise for an exam, I generally",If I am explaining something to someone I tend to,I really love,Most of my free time is spent,"When I first contact a new person, I usually",I first notice how people,"If I am angry, I tend to",I find it easiest to remember,I think that you can tell if someone is lying if,When I meet an old friend,I remember things best by,"If I have to complain about faulty goods, I am most comfortable",I tend to say,"If you had a magic wand,  what would you change about these questions?",I believe I will receive an excellent grade in this class. ,I'm certain I can understand the most difficult material presented in the readings for this course. ,I'm confident I can understand the basic concepts taught in this course. ,I'm confident I can understand the most complex material presented by the instructor in this course. ,I'm confident I can do an excellent job on the assignments and tests in this course. ,I expect to do well in this class. ,I'm certain I can master the skills being taught in this class. ,"Considering the difficulty of this course, the teacher, and my skills, I think I will do well in this class.","If you had a magic wand,  what would you change about these questions?",I sit near the front of the class if possible.,I am alert in classes,I ask the instructor questions when clarification is needed.,I volunteer answers to questions posed by instructors in the class.,I participate in meaningful class discussions.,I take the initiative in group activities.,"I use a study method which helps me develop an interest in the material to be
studied.","If you had a magic wand,  what would you change about these questions?",I arrive at classes and other meetings on time.,I devote sufficient study time to each of my courses.,I schedule definite times and outline specific goals for my study time.,I prepare a “to do” list daily.,I avoid activities which tend to interfere with my planned schedule.,I use prime time when I am most alert for study.,"At the beginning of the term, I make up daily activity and study schedules.",I begin major course assignments well in advance.,"If you had a magic wand,  what would you change about these questions?",To which gender identity do you most identify?,To which ethnicity do you most identify?,What year are you?,"How did you feel about the length of the survey, relative to what it is trying accomplish?"
2/21/2026 12:39:12,emilio.pichardo@uri.edu,Emilio Pichardo,read the instructions first,follow a written recipe,give them a verbal explanation,watch how I do it,listening to music and talking to my friends,discuss them with my friends,read lots of brochures,discuss what I need with my friends,watching what the teacher is doing,imagine what the food will taste like,moving in time with the music,"move around alot, fiddle with pens and pencils and touch things",their colors and how they look,doing something,visualize the worst-case scenarios,how they make me feel,write lots of revision notes and diagrams,show them what I mean,"listening to music, the radio or talking to friends",talking to friends,talk to them on the telephone,sound and speak,keep replaying in my mind what it is that has upset me,faces,they avoid looking at you,"I say ""its great to see you""",doing and practicing the activity or imagining it being done,complaining over the phone,I see what you mean,,4,5,6,4,3,4,4,3,,Somtimes,Sometimes,Never,Sometimes,Sometimes,Sometimes,Usually,,Sometimes,Sometimes,Sometimes,Always,Usually,Sometimes,Usually,Sometimes,,Male,Hispanic/LatinX,Freshman,
3/10/2026 15:17:54,jason.robinson@uri.edu,Jason Robinson,read the instructions first,follow a written recipe,demonstrate first and then let them have a go,watch how I do it,listening to music and talking to my friends,imagine what they would look like on,listen to recommendations from friends,test-drive lots of different types,watching what the teacher is doing,imagine what the food will taste like,listening to the lyrics and the beats,"move around alot, fiddle with pens and pencils and touch things",their textures and what it feels like to touch them,looking at something,talk over in my head what worries me most,how they make me feel,"talk over my notes, alone or with other people",show them what I mean,"listening to music, the radio or talking to friends",watching television,"try to get together whilst doing something else, such as an activity or a meal",look and dress,keep replaying in my mind what it is that has upset me,things I have done,their voices changes,"I say ""its great to see you""",writing notes or keeping printed details,taking the item back to the store or posting it to head office,I see what you mean,I’d change some of the answers to better fit exactly how I’d react or feel,5,6,6,4,6,7,5,5,Nothing,Never,Usually,Usually,Sometimes,Sometimes,Sometimes,Sometimes,Nothing,Always,Sometimes,Never,Never,Usually,Sometimes,Never,Never,Nothing,Male,Caucasian,Freshman,I think the length was fine with the information it was trying to get
3/27/2026 10:04:05,alaina.dampf@uri.edu,Alaina Dampf,read the instructions first,follow a written recipe,write instructions down for them,watch how I do it,"playing sports, going to the gym or doing DIY",imagine what they would look like on,read lots of brochures,test-drive lots of different types,watching what the teacher is doing,imagine what the food would look like,listening to the lyrics and the beats,focus on the words or the pictures in front of me,their colors and how they look,looking at something,visualize the worst-case scenarios,how they look,write lots of revision notes and diagrams,show them what I mean,"watching films, photography, looking at art or people watching",watching television,"try to get together whilst doing something else, such as an activity or a meal",look and dress,keep replaying in my mind what it is that has upset me,faces,they avoid looking at you,"I say ""its great to see you""",writing notes or keeping printed details,writing a letter,I see what you mean,,4,4,5,3,4,4,5,1,,Usually,Usually,Sometimes,Never,Sometimes,Usually,Usually,,Always,Always,Usually,Usually,Usually,Usually,Sometimes,Usually,,Female,Caucasian,Freshman,
3/27/2026 10:09:09,adrians.martegarcia@uri.edu,Adrians Marte Garcia,"go ahead and have a go, I can figure it out as I use it","follow my instincts, testing as I cook",give them a verbal explanation,watch how I do it,listening to music and talking to my friends,imagine what they would look like on,imagine what it would be like to be there,read reviews in magazines or online,watching what the teacher is doing,imagine what the food will taste like,watching the band members and other people in the audience,focus on the words or the pictures in front of me,their colors and how they look,looking at something,visualize the worst-case scenarios,how they make me feel,"talk over my notes, alone or with other people",explain to them in different ways until they understand,"listening to music, the radio or talking to friends",talking to friends,talk to them on the telephone,look and dress,keep replaying in my mind what it is that has upset me,faces,they give me funny vibes,I give them a hug or a handshake,doing and practicing the activity or imagining it being done,complaining over the phone,I see what you mean,I would make it so you can choose multiple answers for the same question,4,6,7,5,5,6,6,6,Nothing,Never,Usually,Sometimes,Never,Sometimes,Usually,Sometimes,Nothing,Always,Usually,Usually,Sometimes,Sometimes,Usually,Never,Sometimes,Nothing,Male,Hispanic/LatinX,Freshman,Long
3/27/2026 10:10:14,declan.perry@uri.edu,Declan Perry,read the instructions first,follow a written recipe,write instructions down for them,listen to me explain,listening to music and talking to my friends,try them on and test them out,imagine what it would be like to be there,test-drive lots of different types,talking through with the teacher exactly what I'm supposed to do,imagine what the food will taste like,listening to the lyrics and the beats,discuss the problem and the possible solutions in my head,their colors and how they look,looking at something,visualize the worst-case scenarios,how they make me feel,imagine making the movement or creating the formula,show them what I mean,"watching films, photography, looking at art or people watching",doing physical activity or making things,"try to get together whilst doing something else, such as an activity or a meal",stand and move,keep replaying in my mind what it is that has upset me,faces,they avoid looking at you,I give them a hug or a handshake,doing and practicing the activity or imagining it being done,writing a letter,I know how you feel,Nothing,7,6,7,7,7,6,6,6,Nothing.,Usually,Usually,Usually,Sometimes,Usually,Always,Always,,Always,Usually,Usually,Never,Usually,Always,Always,Usually,,Prefer not to say,Caucasian,Freshman,"It's kind of long, but I understand the point."
3/27/2026 10:11:02,elizabeth.willard@uri.edu,Elizabeth Willard,"go ahead and have a go, I can figure it out as I use it",follow a written recipe,give them a verbal explanation,watch how I do it,going to museums and galleries,imagine what they would look like on,imagine what it would be like to be there,read reviews in magazines or online,watching what the teacher is doing,imagine what the food will taste like,watching the band members and other people in the audience,focus on the words or the pictures in front of me,their colors and how they look,looking at something,talk over in my head what worries me most,how they make me feel,write lots of revision notes and diagrams,show them what I mean,"watching films, photography, looking at art or people watching",talking to friends,"try to get together whilst doing something else, such as an activity or a meal",sound and speak,keep replaying in my mind what it is that has upset me,things I have done,they give me funny vibes,"I say ""its great to hear from you""",writing notes or keeping printed details,writing a letter,I hear what you are saying,That they consider folks with neurodivergent experineces,6,6,6,4,4,6,6,4,,Always,Always,Usually,Sometimes,Always,Always,Always,,Always,Always,Always,Usually,Always,Sometimes,Always,Usually,,Female,Black/African,Junior,1. gender and sex are different concepts. why ask gender if mean sex? 2. the race question is not well framed and does not consider complex experiences 
3/27/2026 10:13:53,mckenzie.allen@uri.edu,McKenzie Allen,read the instructions first,follow a written recipe,demonstrate first and then let them have a go,watch how I do it,listening to music and talking to my friends,discuss them with my friends,listen to recommendations from friends,read reviews in magazines or online,giving it  a try myself and work it out as I go,talk through the options in my head or with someone else,listening to the lyrics and the beats,discuss the problem and the possible solutions in my head,the descriptions the sales-people give me,looking at something,"can't sit still, I fiddle and move around constantly",what they say to me,"talk over my notes, alone or with other people",explain to them in different ways until they understand,"listening to music, the radio or talking to friends",doing physical activity or making things,"try to get together whilst doing something else, such as an activity or a meal",sound and speak,keep replaying in my mind what it is that has upset me,faces,their voices changes,"I say ""its great to see you""",saying them aloud or repeating words and key points in my head,complaining over the phone,I see what you mean,,6,5,6,5,6,6,6,6,,Somtimes,Usually,Usually,Sometimes,Sometimes,Usually,Usually,,Usually,Usually,Sometimes,Sometimes,Never,Sometimes,Never,Sometimes,,Female,Caucasian,Junior,it was good
3/27/2026 10:15:16,nestor.v@uri.edu,Nestor Valenzuela,read the instructions first,call a friend for an explanation,demonstrate first and then let them have a go,watch how I do it,listening to music and talking to my friends,try them on and test them out,read lots of brochures,test-drive lots of different types,watching what the teacher is doing,imagine what the food will taste like,moving in time with the music,"move around alot, fiddle with pens and pencils and touch things",their colors and how they look,doing something,visualize the worst-case scenarios,what they say to me,write lots of revision notes and diagrams,show them what I mean,"watching films, photography, looking at art or people watching",watching television,arrange a face to face meeting,sound and speak,keep replaying in my mind what it is that has upset me,faces,they give me funny vibes,"I say ""its great to see you""",writing notes or keeping printed details,writing a letter,I see what you mean,,2,3,5,3,4,3,4,3,Some of the questions feel repetitive/saying the same thing more or less,Somtimes,Sometimes,Sometimes,Sometimes,Sometimes,Never,Sometimes,,Usually,Never,Never,Never,Sometimes,Never,Never,Never,,Male,Hispanic/LatinX,Freshman,
3/27/2026 10:17:13,julio.ramirez@uri.edu,julio ramirez,"go ahead and have a go, I can figure it out as I use it",follow a written recipe,demonstrate first and then let them have a go,watch how I do it,"playing sports, going to the gym or doing DIY",imagine what they would look like on,listen to recommendations from friends,read reviews in magazines or online,talking through with the teacher exactly what I'm supposed to do,imagine what the food will taste like,listening to the lyrics and the beats,discuss the problem and the possible solutions in my head,their colors and how they look,looking at something,visualize the worst-case scenarios,how they make me feel,"talk over my notes, alone or with other people",explain to them in different ways until they understand,"taking part in sporting activities, eating fine foods and wines or dancing",doing physical activity or making things,"try to get together whilst doing something else, such as an activity or a meal",sound and speak,keep replaying in my mind what it is that has upset me,faces,their voices changes,"I say ""its great to hear from you""",doing and practicing the activity or imagining it being done,complaining over the phone,I see what you mean,add text option and write because its sometimes not any of the options,6,4,7,4,5,6,5,5,,Usually,Usually,Usually,Sometimes,Usually,Usually,Sometimes,,Usually,Usually,Usually,Never,Sometimes,Usually,Sometimes,Sometimes,,Male,Hispanic/LatinX,Junior,I feel like its fairly long but I understand what's being asked so it can help better our future 
3/27/2026 10:18:04,papendiaye@uri.edu,Pape Ndiaye ,read the instructions first,follow a written recipe,write instructions down for them,watch how I do it,"playing sports, going to the gym or doing DIY",imagine what they would look like on,read lots of brochures,test-drive lots of different types,watching what the teacher is doing,imagine what the food will taste like,listening to the lyrics and the beats,discuss the problem and the possible solutions in my head,their textures and what it feels like to touch them,looking at something,talk over in my head what worries me most,how they make me feel,write lots of revision notes and diagrams,explain to them in different ways until they understand,"taking part in sporting activities, eating fine foods and wines or dancing",doing physical activity or making things,talk to them on the telephone,sound and speak,keep replaying in my mind what it is that has upset me,faces,their voices changes,"I say ""its great to hear from you""",writing notes or keeping printed details,writing a letter,I see what you mean,None,6,6,6,6,6,6,6,7,,Usually,Always,Usually,Sometimes,Always,Usually,Usually,,Usually,Usually,Always,Sometimes,Always,Usually,Sometimes,Always,,Male,Black/African,sophomore ,
3/27/2026 10:22:14,patrickspillane@uri.edu,Patrick Spillane,listen to an explanation from someone who has used it before,follow a written recipe,demonstrate first and then let them have a go,watch how I do it,listening to music and talking to my friends,try them on and test them out,imagine what it would be like to be there,test-drive lots of different types,watching what the teacher is doing,imagine what the food will taste like,listening to the lyrics and the beats,discuss the problem and the possible solutions in my head,their textures and what it feels like to touch them,doing something,visualize the worst-case scenarios,how they make me feel,"talk over my notes, alone or with other people",explain to them in different ways until they understand,"listening to music, the radio or talking to friends",talking to friends,"try to get together whilst doing something else, such as an activity or a meal",sound and speak,keep replaying in my mind what it is that has upset me,things I have done,they give me funny vibes,"I say ""its great to see you""",doing and practicing the activity or imagining it being done,taking the item back to the store or posting it to head office,I hear what you are saying,Nothing,3,4,6,2,5,5,5,5,Not using the word excellent and it just being a scale 1-7 on how confident you are,Somtimes,Usually,Sometimes,Sometimes,Sometimes,Usually,Sometimes,Nothing,Usually,Sometimes,Never,Never,Usually,Never,Never,Sometimes,Nothing,Male,Caucasian,Freshman,With what it's trying to accomplish I think it's a good length
3/27/2026 12:13:30,patrick.sullivan@uri.edu,Patrick Sullivan,listen to an explanation from someone who has used it before,"follow my instincts, testing as I cook",demonstrate first and then let them have a go,watch how I do it,listening to music and talking to my friends,imagine what they would look like on,imagine what it would be like to be there,test-drive lots of different types,giving it  a try myself and work it out as I go,talk through the options in my head or with someone else,listening to the lyrics and the beats,discuss the problem and the possible solutions in my head,their textures and what it feels like to touch them,looking at something,visualize the worst-case scenarios,how they make me feel,"talk over my notes, alone or with other people",encourage them to try and talk them through my idea as they do it,"watching films, photography, looking at art or people watching",doing physical activity or making things,"try to get together whilst doing something else, such as an activity or a meal",sound and speak,raise my voice and tell people how I feel,faces,they give me funny vibes,I give them a hug or a handshake,doing and practicing the activity or imagining it being done,complaining over the phone,I hear what you are saying,I like them! I think they have an undertone that relates to problem solving and helps to get to understand the person well. ,6,6,7,6,7,7,7,7,Maybe emphasize the difficulty or type of class? ,Usually,Always,Always,Always,Always,Always,Always,,Always,Always,Usually,Never,Always,Sometimes,Never,Usually,,Male,Caucasian,Junior,I think this is a great length. It needs to be long enough to collect valuable data and show real insights!