Timestamp,  I feel that I belong to this group.  ,  I see myself as part of this group.  ,I feel that I am a member of this group. ,If you had a magic wand how would you change these questions?,   I am happy to be part of this group.  ,I am content to be part of this group. ,This group is one of the best anywhere. ,If you had a magic wand how would you change these questions?,"When someone makes a mistake, it is often held against him or her",It is easy to discuss issues and problems in this group. ,Participants are sometimes rejected for having different opinions,It is completely safe to take a risk in group discussions. ,It is difficult to ask other participants for help,No participant deliberately undermines another participant,Participants value and respect other's contributions,If you had a magic wand how would you change these questions?,  Participants seek feedback from one another.  ,A difference of opinion is held as a teaching/learning opportunity. ,Problems or errors are communicated appropriately. ,Participants actively seek new information from each other.,Participants talk openly about mistakes or misconceptions. ,  Participants raise concerns about plans or decisions.  ,Multidisciplinary/diverse views are presented and respected. ,If you had a magic wand how would you change these questions?,Did you have the same group for the whole week?,"If you picked YES in the question above please explain WHY?
If you Picked NO please just input N/A","If you picked YES in the first question of this section, please list the people in the second group.
If you picked NO in the first question of this section please put N/A",How did you feel about GroupGen being used to create teams that are similar using the survey questions you took this semester?,Would you recommend a system like GroupGen,If you were part of the GroupGen team what improvements would you recommend?
4/10/2026 10:03:06,4,5,5,Wouldn't change them.,4,4,5,,3,4,2,3,3,3,4,,4,3,4,3,4,4,4,,No,nA,na,,,
4/10/2026 10:04:00,2,2,2,,4,3,3,,1,5,1,1,4,3,5,,4,1,3,3,4,5,1,,No,na,na,,,
4/10/2026 10:12:09,4,4,4,nothing,5,4,4,nothing,3,4,2,4,1,3,5,nothing,5,4,5,4,4,5,4,nothing,Yes,Feel that we connected a lot and were able to get a lot done,Pape Ndiaye,,,
4/10/2026 10:16:52,5,5,5,,5,5,4,,2,4,1,4,1,5,5,,5,5,5,5,5,5,5,,No,N/A,N/A,,,
4/10/2026 10:18:23,4,3,4,,4,4,3,,2,4,2,4,3,4,5,,5,4,4,4,4,3,5,,No,N/A,N/A,,,
4/10/2026 10:19:41,4,4,4,I wouldn't I ,4,4,4,I wouldn't,3,5,2,5,1,4,4,,5,4,4,4,5,4,3,,No,N?A,N?A,,,
4/10/2026 10:22:12,4,4,4,nothing,1,1,1,nothing,3,5,3,5,1,5,5,nothing,4,3,4,3,5,5,3,nothing,Yes,I just stayed with my group of friends every time I went into class,Nathan Gallaway and Charlie Allenson ,,,
4/10/2026 10:34:01,5,5,5,,5,5,5,,2,5,2,4,2,5,5,,4,4,4,4,4,4,4,,Yes,I'm comfortable with my group as I can add my own inputs and disagree with them too without problem (no issues),N/A,,,
4/10/2026 10:36:58,4,5,5,,5,5,5,,3,4,4,5,1,4,4,,5,3,4,5,3,3,4,,Yes,I have been working with them since 106 so we understand eachother.,"Julio, Declan, conner, patrick",,,
4/10/2026 12:04:58,3,3,3,,3,3,3,,1,3,3,3,3,3,3,,3,3,3,3,3,3,3,,No,n/a,n/a,,,
4/10/2026 12:05:43,3,3,3,,3,3,3,,3,3,3,3,3,3,3,,3,3,3,3,3,3,3,,Yes,because im working with them, ,,,
4/10/2026 12:05:56,5,5,5,,5,5,5,,1,5,1,5,1,5,5,,5,5,5,5,5,5,5,,Yes,Worked well together,Megan,,,
4/10/2026 12:07:44,2,2,2,,3,3,3,,1,4,1,2,4,5,4,,2,2,4,2,3,4,4,,Yes,I only feel comfortable voicing my opinions or questions when I know the people for more time. Changing up groups resets that and makes it hard to talk about anything.,Stone and Landon,,,
4/10/2026 12:09:09,4,4,4,,4,4,3,,2,3,2,3,2,4,4,,4,4,4,4,4,4,4,,Yes,i like working with the group and they bring a diverse skill set to the group,n/a,,,
4/10/2026 12:11:51,3,3,3,,1,3,3,,4,3,3,4,4,3,3,,1,3,3,2,2,3,4,,No,N/A,N/A,,,
4/10/2026 12:12:11,4,4,4,n/a,4,4,4,These are the same questions as the first page basically. Maybe different questions?,3,4,3,3,3,3,3,,3,3,3,3,3,3,3,,Yes,My group worked well together. ,N/a,,,
4/10/2026 12:15:12,5,5,5,I would add a bit more context to the group being referenced here. ,5,5,5,"I think that these are the right questions, as long as we are talking about a CSC class as thr group. ",1,5,1,5,1,5,5,"I believe that these are the right questions, but maybe add in certain scenarios. ",5,5,5,5,5,3,5,I think that these are the right questions,Yes,"I chose the same group each week because we work incredibly well together. We all get along, ask each other questions, and learn from each other on a daily basis. We also competed on the same team for our hackathon. ","Declan Perry, Jordan Chacon, Julio Ramirez",,,