Timestamp,Email Address,What is your first and last name,When I operate new equipment I generally:,When I cook a new dish I like to,If I am teaching someone something new I tend to,"If you had a magic wand,  what would you change about these questions?",I believe I will receive an excellent grade in this class.,I'm certain I can understand the most difficult material presented in the readings for this course.,I'm confident I can understand the basic concepts taught in this course.,"If you had a magic wand,  what would you change about these questions?",I sit near the front of the class if possible.,I am alert in classes,I ask the instructor questions when clarification is needed.,"If you had a magic wand,  what would you change about these questions?",I arrive at classes and other meetings on time.,I devote sufficient study time to each of my courses.,I schedule definite times and outline specific goals for my study time.,"If you had a magic wand,  what would you change about these questions?",To which gender identity do you most identify?,To which ethnicity do you most identify?
2026-05-01 10:00:00,alex.chen@example.edu,Alex Chen,read the instructions first,listen to an explanation from someone who has used it before,"go ahead and have a go, I can figure it out as I use it",,3,4,5,,2,3,4,,2,3,4,,Male,Asian American
2026-05-02 10:01:00,jordan.lee@example.edu,Jordan Lee,ask for spoken directions,follow my nose and maybe use a compass,look at a map,,4,5,6,,3,4,2,,3,4,2,,Female,Asian American
2026-05-03 10:02:00,sam.rivera@example.edu,Sam Rivera,you have a go,watch how I do it,listen to me explain,,5,6,7,,4,2,3,,4,2,3,,Male,Hispanic
2026-05-04 10:03:00,taylor.brooks@example.edu,Taylor Brooks,going to museums and galleries,listening to music and talking to my friends,playing sport or doing DIY,,6,7,3,,2,3,4,,2,3,4,,Female,White American
2026-05-05 10:04:00,morgan.davis@example.edu,Morgan Davis,listen to recommendations from friends,imagine what it would be like to be there,read lots of brochures,,7,3,4,,3,4,2,,3,4,2,,Male,Black American
2026-05-06 10:05:00,riley.kim@example.edu,Riley Kim,"go ahead and have a go, I can figure it out as I use it",read the instructions first,listen to an explanation from someone who has used it before,,3,4,5,,4,2,3,,4,2,3,,Female,Asian American
2026-05-07 10:06:00,casey.nguyen@example.edu,Casey Nguyen,look at a map,ask for spoken directions,follow my nose and maybe use a compass,,4,5,6,,2,3,4,,2,3,4,,Male,Hispanic
2026-05-08 10:07:00,jamie.wilson@example.edu,Jamie Wilson,listen to me explain,you have a go,watch how I do it,,5,6,7,,3,4,2,,3,4,2,,Female,White American
2026-05-09 10:08:00,drew.martinez@example.edu,Drew Martinez,playing sport or doing DIY,going to museums and galleries,listening to music and talking to my friends,,6,7,3,,4,2,3,,4,2,3,,Male,Hispanic
2026-05-10 10:09:00,quinn.patel@example.edu,Quinn Patel,read lots of brochures,listen to recommendations from friends,imagine what it would be like to be there,,7,3,4,,2,3,4,,2,3,4,,Female,Asian American
2026-05-11 10:10:00,avery.thompson@example.edu,Avery Thompson,listen to an explanation from someone who has used it before,"go ahead and have a go, I can figure it out as I use it",read the instructions first,,3,4,5,,3,4,2,,3,4,2,,Non-binary,White American
2026-05-12 10:11:00,blake.johnson@example.edu,Blake Johnson,follow my nose and maybe use a compass,look at a map,ask for spoken directions,,4,5,6,,4,2,3,,4,2,3,,Male,Black American
2026-05-13 10:12:00,cameron.ortiz@example.edu,Cameron Ortiz,watch how I do it,listen to me explain,you have a go,,5,6,7,,2,3,4,,2,3,4,,Female,Hispanic
2026-05-14 10:13:00,dakota.reed@example.edu,Dakota Reed,listening to music and talking to my friends,playing sport or doing DIY,going to museums and galleries,,6,7,3,,3,4,2,,3,4,2,,Male,White American
2026-05-15 10:14:00,emery.scott@example.edu,Emery Scott,imagine what it would be like to be there,read lots of brochures,listen to recommendations from friends,,7,3,4,,4,2,3,,4,2,3,,Female,Asian American
2026-05-16 10:15:00,finley.adams@example.edu,Finley Adams,read the instructions first,listen to an explanation from someone who has used it before,"go ahead and have a go, I can figure it out as I use it",,3,4,5,,2,3,4,,2,3,4,,Male,Hispanic
2026-05-17 10:16:00,gray.morgan@example.edu,Gray Morgan,ask for spoken directions,follow my nose and maybe use a compass,look at a map,,4,5,6,,3,4,2,,3,4,2,,Female,Black American
2026-05-18 10:17:00,harper.bell@example.edu,Harper Bell,you have a go,watch how I do it,listen to me explain,,5,6,7,,4,2,3,,4,2,3,,Male,Asian American
2026-05-19 10:18:00,indigo.price@example.edu,Indigo Price,going to museums and galleries,listening to music and talking to my friends,playing sport or doing DIY,,6,7,3,,2,3,4,,2,3,4,,Female,White American
2026-05-20 10:19:00,jules.cooper@example.edu,Jules Cooper,listen to recommendations from friends,imagine what it would be like to be there,read lots of brochures,,7,3,4,,3,4,2,,3,4,2,,Non-binary,Hispanic
2026-05-21 10:20:00,kai.foster@example.edu,Kai Foster,"go ahead and have a go, I can figure it out as I use it",read the instructions first,listen to an explanation from someone who has used it before,,3,4,5,,4,2,3,,4,2,3,,Male,Asian American
2026-05-22 10:21:00,logan.perry@example.edu,Logan Perry,look at a map,ask for spoken directions,follow my nose and maybe use a compass,,4,5,6,,2,3,4,,2,3,4,,Female,Black American
2026-05-23 10:22:00,marley.hayes@example.edu,Marley Hayes,listen to me explain,you have a go,watch how I do it,,5,6,7,,3,4,2,,3,4,2,,Male,White American
2026-05-24 10:23:00,noel.bryant@example.edu,Noel Bryant,playing sport or doing DIY,going to museums and galleries,listening to music and talking to my friends,,6,7,3,,4,2,3,,4,2,3,,Female,Hispanic
2026-05-25 10:24:00,oakley.griffin@example.edu,Oakley Griffin,read lots of brochures,listen to recommendations from friends,imagine what it would be like to be there,,7,3,4,,2,3,4,,2,3,4,,Male,Asian American
2026-05-26 10:25:00,parker.diaz@example.edu,Parker Diaz,listen to an explanation from someone who has used it before,"go ahead and have a go, I can figure it out as I use it",read the instructions first,,3,4,5,,3,4,2,,3,4,2,,Female,White American
2026-05-27 10:26:00,quincy.ross@example.edu,Quincy Ross,follow my nose and maybe use a compass,look at a map,ask for spoken directions,,4,5,6,,4,2,3,,4,2,3,,Male,Black American
2026-05-28 10:27:00,reese.powell@example.edu,Reese Powell,watch how I do it,listen to me explain,you have a go,,5,6,7,,2,3,4,,2,3,4,,Female,Hispanic
2026-05-01 10:28:00,sage.turner@example.edu,Sage Turner,listening to music and talking to my friends,playing sport or doing DIY,going to museums and galleries,,6,7,3,,3,4,2,,3,4,2,,Non-binary,Asian American
2026-05-02 10:29:00,tatum.ward@example.edu,Tatum Ward,imagine what it would be like to be there,read lots of brochures,listen to recommendations from friends,,7,3,4,,4,2,3,,4,2,3,,Female,White American
2026-05-01 10:30:00,adrian.anderson@example.edu,Adrian Anderson,read the instructions first,listen to an explanation from someone who has used it before,"go ahead and have a go, I can figure it out as I use it",,6,7,3,,2,3,4,,2,3,4,,Male,White American
2026-05-01 10:31:00,ainsley.butler@example.edu,Ainsley Butler,ask for spoken directions,follow my nose and maybe use a compass,look at a map,,7,3,4,,3,4,2,,3,4,2,,Female,Black American
2026-05-01 10:32:00,alina.contreras@example.edu,Alina Contreras,you have a go,watch how I do it,listen to me explain,,3,5,6,,4,3,2,,3,4,3,,Non-binary,Asian American
2026-05-01 10:33:00,amir.elliott@example.edu,Amir Elliott,going to museums and galleries,listening to music and talking to my friends,playing sport or doing DIY,,4,6,7,,2,4,3,,4,3,2,,Male,Hispanic
2026-05-01 10:34:00,anika.gomez@example.edu,Anika Gomez,listen to recommendations from friends,imagine what it would be like to be there,read lots of brochures,,5,7,4,,3,2,4,,2,4,3,,Female,White American
2026-05-01 10:35:00,arjun.hart@example.edu,Arjun Hart,"go ahead and have a go, I can figure it out as I use it",read the instructions first,listen to an explanation from someone who has used it before,,6,3,5,,4,3,2,,3,2,4,,Non-binary,Black American
2026-05-01 10:36:00,asha.jenkins@example.edu,Asha Jenkins,look at a map,ask for spoken directions,follow my nose and maybe use a compass,,3,4,5,,2,3,4,,2,3,4,,Male,Asian American
2026-05-01 10:37:00,ashton.long@example.edu,Ashton Long,listen to me explain,you have a go,watch how I do it,,4,5,6,,3,4,2,,3,4,2,,Female,Hispanic
2026-05-01 10:38:00,aubrey.miller@example.edu,Aubrey Miller,playing sport or doing DIY,going to museums and galleries,listening to music and talking to my friends,,5,6,7,,4,2,3,,4,2,3,,Non-binary,White American
2026-05-01 10:39:00,beau.nichols@example.edu,Beau Nichols,read lots of brochures,listen to recommendations from friends,imagine what it would be like to be there,,6,7,3,,2,3,4,,2,3,4,,Male,Black American
2026-05-01 10:40:00,bianca.riley@example.edu,Bianca Riley,listen to an explanation from someone who has used it before,"go ahead and have a go, I can figure it out as I use it",read the instructions first,,7,3,4,,3,4,2,,3,4,2,,Female,Asian American
2026-05-01 10:41:00,bodhi.shaw@example.edu,Bodhi Shaw,follow my nose and maybe use a compass,look at a map,ask for spoken directions,,3,5,6,,4,3,2,,3,4,3,,Non-binary,Hispanic
2026-05-01 10:42:00,brielle.torres@example.edu,Brielle Torres,watch how I do it,listen to me explain,you have a go,,4,6,7,,2,4,3,,4,3,2,,Male,White American
2026-05-01 10:43:00,callum.wells@example.edu,Callum Wells,listening to music and talking to my friends,playing sport or doing DIY,going to museums and galleries,,5,7,4,,3,2,4,,2,4,3,,Female,Black American
2026-05-01 10:44:00,carmen.ahmad@example.edu,Carmen Ahmad,imagine what it would be like to be there,read lots of brochures,listen to recommendations from friends,,6,3,5,,4,3,2,,3,2,4,,Non-binary,Asian American
2026-05-01 10:45:00,cedric.burke@example.edu,Cedric Burke,read the instructions first,listen to an explanation from someone who has used it before,"go ahead and have a go, I can figure it out as I use it",,3,4,5,,2,3,4,,2,3,4,,Male,Hispanic
2026-05-01 10:46:00,celeste.coleman@example.edu,Celeste Coleman,ask for spoken directions,follow my nose and maybe use a compass,look at a map,,4,5,6,,3,4,2,,3,4,2,,Female,White American
2026-05-01 10:47:00,chetan.duncan@example.edu,Chetan Duncan,you have a go,watch how I do it,listen to me explain,,5,6,7,,4,2,3,,4,2,3,,Non-binary,Black American
2026-05-01 10:48:00,clara.garcia@example.edu,Clara Garcia,going to museums and galleries,listening to music and talking to my friends,playing sport or doing DIY,,6,7,3,,2,3,4,,2,3,4,,Male,Asian American
2026-05-01 10:49:00,cole.harris@example.edu,Cole Harris,listen to recommendations from friends,imagine what it would be like to be there,read lots of brochures,,7,3,4,,3,4,2,,3,4,2,,Female,Hispanic
2026-05-01 10:50:00,daria.jackson@example.edu,Daria Jackson,"go ahead and have a go, I can figure it out as I use it",read the instructions first,listen to an explanation from someone who has used it before,,3,5,6,,4,3,2,,3,4,3,,Non-binary,White American
2026-05-01 10:51:00,declan.lawrence@example.edu,Declan Lawrence,look at a map,ask for spoken directions,follow my nose and maybe use a compass,,4,6,7,,2,4,3,,4,3,2,,Male,Black American
2026-05-01 10:52:00,delilah.mendoza@example.edu,Delilah Mendoza,listen to me explain,you have a go,watch how I do it,,5,7,4,,3,2,4,,2,4,3,,Female,Asian American
2026-05-01 10:53:00,devon.nelson@example.edu,Devon Nelson,playing sport or doing DIY,going to museums and galleries,listening to music and talking to my friends,,6,3,5,,4,3,2,,3,2,4,,Non-binary,Hispanic
2026-05-01 10:54:00,diana.ramirez@example.edu,Diana Ramirez,read lots of brochures,listen to recommendations from friends,imagine what it would be like to be there,,3,4,5,,2,3,4,,2,3,4,,Male,White American
2026-05-01 10:55:00,diego.sanchez@example.edu,Diego Sanchez,listen to an explanation from someone who has used it before,"go ahead and have a go, I can figure it out as I use it",read the instructions first,,4,5,6,,3,4,2,,3,4,2,,Female,Black American
2026-05-01 10:56:00,elena.sullivan@example.edu,Elena Sullivan,follow my nose and maybe use a compass,look at a map,ask for spoken directions,,5,6,7,,4,2,3,,4,2,3,,Non-binary,Asian American
2026-05-01 10:57:00,elijah.watson@example.edu,Elijah Watson,watch how I do it,listen to me explain,you have a go,,6,7,3,,2,3,4,,2,3,4,,Male,Hispanic
2026-05-01 10:58:00,elise.acosta@example.edu,Elise Acosta,listening to music and talking to my friends,playing sport or doing DIY,going to museums and galleries,,7,3,4,,3,4,2,,3,4,2,,Female,White American
2026-05-01 10:59:00,elliot.bowman@example.edu,Elliot Bowman,imagine what it would be like to be there,read lots of brochures,listen to recommendations from friends,,3,5,6,,4,3,2,,3,4,3,,Non-binary,Black American
2026-05-01 11:00:00,evan.chavez@example.edu,Evan Chavez,read the instructions first,listen to an explanation from someone who has used it before,"go ahead and have a go, I can figure it out as I use it",,4,6,7,,2,4,3,,4,3,2,,Male,Asian American
2026-05-01 11:01:00,farah.dixon@example.edu,Farah Dixon,ask for spoken directions,follow my nose and maybe use a compass,look at a map,,5,7,4,,3,2,4,,2,4,3,,Female,Hispanic
2026-05-01 11:02:00,felix.fox@example.edu,Felix Fox,you have a go,watch how I do it,listen to me explain,,6,3,5,,4,3,2,,3,2,4,,Non-binary,White American
2026-05-01 11:03:00,freya.hamilton@example.edu,Freya Hamilton,going to museums and galleries,listening to music and talking to my friends,playing sport or doing DIY,,3,4,5,,2,3,4,,2,3,4,,Male,Black American
2026-05-01 11:04:00,gavin.hunt@example.edu,Gavin Hunt,listen to recommendations from friends,imagine what it would be like to be there,read lots of brochures,,4,5,6,,3,4,2,,3,4,2,,Female,Asian American
2026-05-01 11:05:00,gemma.knight@example.edu,Gemma Knight,"go ahead and have a go, I can figure it out as I use it",read the instructions first,listen to an explanation from someone who has used it before,,5,6,7,,4,2,3,,4,2,3,,Non-binary,Hispanic
2026-05-01 11:06:00,hassan.mcdonald@example.edu,Hassan McDonald,look at a map,ask for spoken directions,follow my nose and maybe use a compass,,6,7,3,,2,3,4,,2,3,4,,Male,White American
2026-05-01 11:07:00,hazel.murray@example.edu,Hazel Murray,listen to me explain,you have a go,watch how I do it,,7,3,4,,3,4,2,,3,4,2,,Female,Black American
2026-05-01 11:08:00,helena.phillips@example.edu,Helena Phillips,playing sport or doing DIY,going to museums and galleries,listening to music and talking to my friends,,3,5,6,,4,3,2,,3,4,3,,Non-binary,Asian American
2026-05-01 11:09:00,hugo.rose@example.edu,Hugo Rose,read lots of brochures,listen to recommendations from friends,imagine what it would be like to be there,,4,6,7,,2,4,3,,4,3,2,,Male,Hispanic
2026-05-01 11:10:00,ibrahim.stewart@example.edu,Ibrahim Stewart,listen to an explanation from someone who has used it before,"go ahead and have a go, I can figure it out as I use it",read the instructions first,,5,7,4,,3,2,4,,2,4,3,,Female,White American
2026-05-01 11:11:00,iris.wallace@example.edu,Iris Wallace,follow my nose and maybe use a compass,look at a map,ask for spoken directions,,6,3,5,,4,3,2,,3,2,4,,Non-binary,Black American
2026-05-01 11:12:00,isaac.zimmerman@example.edu,Isaac Zimmerman,watch how I do it,listen to me explain,you have a go,,3,4,5,,2,3,4,,2,3,4,,Male,Asian American
2026-05-01 11:13:00,ivy.bennett@example.edu,Ivy Bennett,listening to music and talking to my friends,playing sport or doing DIY,going to museums and galleries,,4,5,6,,3,4,2,,3,4,2,,Female,Hispanic
2026-05-01 11:14:00,jaden.castillo@example.edu,Jaden Castillo,imagine what it would be like to be there,read lots of brochures,listen to recommendations from friends,,5,6,7,,4,2,3,,4,2,3,,Non-binary,White American
2026-05-01 11:15:00,jasmine.dawson@example.edu,Jasmine Dawson,read the instructions first,listen to an explanation from someone who has used it before,"go ahead and have a go, I can figure it out as I use it",,6,7,3,,2,3,4,,2,3,4,,Male,Black American
2026-05-01 11:16:00,javier.fisher@example.edu,Javier Fisher,ask for spoken directions,follow my nose and maybe use a compass,look at a map,,7,3,4,,3,4,2,,3,4,2,,Female,Asian American
2026-05-01 11:17:00,jocelyn.gutierrez@example.edu,Jocelyn Gutierrez,you have a go,watch how I do it,listen to me explain,,3,5,6,,4,3,2,,3,4,3,,Non-binary,Hispanic
2026-05-01 11:18:00,jonah.howard@example.edu,Jonah Howard,going to museums and galleries,listening to music and talking to my friends,playing sport or doing DIY,,4,6,7,,2,4,3,,4,3,2,,Male,White American
2026-05-01 11:19:00,josie.kennedy@example.edu,Josie Kennedy,listen to recommendations from friends,imagine what it would be like to be there,read lots of brochures,,5,7,4,,3,2,4,,2,4,3,,Female,Black American
2026-05-01 11:20:00,kara.matthews@example.edu,Kara Matthews,"go ahead and have a go, I can figure it out as I use it",read the instructions first,listen to an explanation from someone who has used it before,,6,3,5,,4,3,2,,3,2,4,,Non-binary,Asian American
2026-05-01 11:21:00,keira.morris@example.edu,Keira Morris,look at a map,ask for spoken directions,follow my nose and maybe use a compass,,3,4,5,,2,3,4,,2,3,4,,Male,Hispanic
2026-05-01 11:22:00,kendall.perez@example.edu,Kendall Perez,listen to me explain,you have a go,watch how I do it,,4,5,6,,3,4,2,,3,4,2,,Female,White American
2026-05-01 11:23:00,kiran.rogers@example.edu,Kiran Rogers,playing sport or doing DIY,going to museums and galleries,listening to music and talking to my friends,,5,6,7,,4,2,3,,4,2,3,,Non-binary,Black American
2026-05-01 11:24:00,lena.soto@example.edu,Lena Soto,read lots of brochures,listen to recommendations from friends,imagine what it would be like to be there,,6,7,3,,2,3,4,,2,3,4,,Male,Asian American
2026-05-01 11:25:00,leo.wagner@example.edu,Leo Wagner,listen to an explanation from someone who has used it before,"go ahead and have a go, I can figure it out as I use it",read the instructions first,,7,3,4,,3,4,2,,3,4,2,,Female,Hispanic
2026-05-01 11:26:00,lila.wright@example.edu,Lila Wright,follow my nose and maybe use a compass,look at a map,ask for spoken directions,,3,5,6,,4,3,2,,3,4,3,,Non-binary,White American
2026-05-01 11:27:00,liam.barnes@example.edu,Liam Barnes,watch how I do it,listen to me explain,you have a go,,4,6,7,,2,4,3,,4,3,2,,Male,Black American
2026-05-01 11:28:00,lucia.carpenter@example.edu,Lucia Carpenter,listening to music and talking to my friends,playing sport or doing DIY,going to museums and galleries,,5,7,4,,3,2,4,,2,4,3,,Female,Asian American
2026-05-01 11:29:00,lukas.cunningham@example.edu,Lukas Cunningham,imagine what it would be like to be there,read lots of brochures,listen to recommendations from friends,,6,3,5,,4,3,2,,3,2,4,,Non-binary,Hispanic
2026-05-01 11:30:00,maeve.fernandez@example.edu,Maeve Fernandez,read the instructions first,listen to an explanation from someone who has used it before,"go ahead and have a go, I can figure it out as I use it",,3,4,5,,2,3,4,,2,3,4,,Male,White American
2026-05-01 11:31:00,malik.grant@example.edu,Malik Grant,ask for spoken directions,follow my nose and maybe use a compass,look at a map,,4,5,6,,3,4,2,,3,4,2,,Female,Black American
2026-05-01 11:32:00,maya.hill@example.edu,Maya Hill,you have a go,watch how I do it,listen to me explain,,5,6,7,,4,2,3,,4,2,3,,Non-binary,Asian American
2026-05-01 11:33:00,miles.keller@example.edu,Miles Keller,going to museums and galleries,listening to music and talking to my friends,playing sport or doing DIY,,6,7,3,,2,3,4,,2,3,4,,Male,Hispanic
2026-05-01 11:34:00,mina.martin@example.edu,Mina Martin,listen to recommendations from friends,imagine what it would be like to be there,read lots of brochures,,7,3,4,,3,4,2,,3,4,2,,Female,White American
2026-05-01 11:35:00,nadia.morales@example.edu,Nadia Morales,"go ahead and have a go, I can figure it out as I use it",read the instructions first,listen to an explanation from someone who has used it before,,3,5,6,,4,3,2,,3,4,3,,Non-binary,Black American
2026-05-01 11:36:00,nate.palmer@example.edu,Nate Palmer,look at a map,ask for spoken directions,follow my nose and maybe use a compass,,4,6,7,,2,4,3,,4,3,2,,Male,Asian American
2026-05-01 11:37:00,nina.robertson@example.edu,Nina Robertson,listen to me explain,you have a go,watch how I do it,,5,7,4,,3,2,4,,2,4,3,,Female,Hispanic
2026-05-01 11:38:00,nolan.smith@example.edu,Nolan Smith,playing sport or doing DIY,going to museums and galleries,listening to music and talking to my friends,,6,3,5,,4,3,2,,3,2,4,,Non-binary,White American
2026-05-01 11:39:00,omar.vargas@example.edu,Omar Vargas,read lots of brochures,listen to recommendations from friends,imagine what it would be like to be there,,3,4,5,,2,3,4,,2,3,4,,Male,Black American
