Name,Gender,Motivation,Self_Esteem,Work_Ethic,Learning_Style,Diversity
Alex Chen,Male,1,1,1,Visual,Asian American
Jordan Lee,Female,1,2,1,Auditory,Asian American
Sam Rivera,Male,2,1,1,Kinesthetic,Hispanic
Taylor Brooks,Female,1,1,2,Visual,White American
Morgan Davis,Male,1,1,1,Auditory,Black American
Riley Kim,Female,2,1,1,Kinesthetic,Asian American
Casey Nguyen,Male,1,2,1,Visual,Hispanic
Jamie Wilson,Female,1,1,1,Auditory,White American
Drew Martinez,Male,1,1,2,Kinesthetic,Hispanic
Quinn Patel,Female,2,1,1,Visual,Asian American
Avery Thompson,Non-binary,1,1,1,Auditory,White American
Blake Johnson,Male,1,2,1,Kinesthetic,Black American
Cameron Ortiz,Female,1,1,1,Visual,Hispanic
Dakota Reed,Male,1,1,2,Auditory,White American
Emery Scott,Female,2,1,1,Kinesthetic,Asian American
Finley Adams,Male,1,1,1,Visual,Hispanic
Gray Morgan,Female,1,2,1,Auditory,Black American
Harper Bell,Male,1,1,1,Kinesthetic,Asian American
Indigo Price,Female,2,1,1,Visual,White American
Jules Cooper,Non-binary,1,1,2,Auditory,Hispanic
Kai Foster,Male,1,1,1,Kinesthetic,Asian American
Logan Perry,Female,1,2,1,Visual,Black American
Marley Hayes,Male,2,1,1,Auditory,White American
Noel Bryant,Female,1,1,1,Kinesthetic,Hispanic
Oakley Griffin,Male,1,1,2,Visual,Asian American
Parker Diaz,Female,1,1,1,Auditory,White American
Quincy Ross,Male,2,1,1,Kinesthetic,Black American
Reese Powell,Female,1,2,1,Visual,Hispanic
Sage Turner,Non-binary,1,1,1,Auditory,Asian American
Tatum Ward,Female,1,1,2,Kinesthetic,White American
