Timestamp,What is your first and last name,  I feel that I belong to this group.  ,  I see myself as part of this group.  ,I feel that I am a member of this group. ,If you had a magic wand how would you change these questions?,   I am happy to be part of this group.  ,I am content to be part of this group. ,This group is one of the best anywhere. ,If you had a magic wand how would you change these questions?,"When someone makes a mistake, it is often held against him or her",It is easy to discuss issues and problems in this group. ,Participants are sometimes rejected for having different opinions,It is completely safe to take a risk in group discussions. ,It is difficult to ask other participants for help,No participant deliberately undermines another participant,Participants value and respect other's contributions,If you had a magic wand how would you change these questions?,  Participants seek feedback from one another.  ,A difference of opinion is held as a teaching/learning opportunity. ,Problems or errors are communicated appropriately. ,Participants actively seek new information from each other.,Participants talk openly about mistakes or misconceptions. ,  Participants raise concerns about plans or decisions.  ,Multidisciplinary/diverse views are presented and respected. ,If you had a magic wand how would you change these questions?,Did you have the same group the entire time?,"If you picked NO in the question above please explain WHY?
If you Picked YES please just input N/A","If you picked NO in the first question of this section, please list the people in the group you switched to.
If you picked YES in the first question of this section please put N/A"
6/28/2026 18:52:21,Shannon Economou,5,5,5,How safe do you feel in this environment,1,1,2,,5,5,2,5,4,5,5,"Nothing to do with anything, but maybe use they for non binary people in the first question (if you want).",5,5,5,5,5,5,5,,Yes,N/A,"Angela, Stella, Vendaka (I spelled that wrong), Shayla "
6/28/2026 18:52:26,Vedika Vivek,3,4,3,,3,4,2,,1,4,2,4,2,4,4,,4,3,4,4,3,3,3,,Yes,N/a,N/A
6/28/2026 18:52:33,Benjamin Emerson,3,2,3,"Include a box for the teacher for any further information, like if you had trouble with a certain student.",3,3,2,,3,2,4,3,2,3,2,,1,1,2,4,1,4,2,,Yes,N/a,"Michal, Eunsin, Raph, and Julien "
6/28/2026 18:52:47,Angela Wang,3,3,3,,3,4,3,,2,2,3,2,4,1,3,,2,2,5,2,4,5,3,,Yes,n/a,raphael vedika stella
6/28/2026 18:52:59,Elliot Levinsky,5,5,5,Do I feel more connected with this group then any other,1,1,1,Is there any people you would swap ,2,5,1,5,1,3,5,Are there other groups that get shunned upon for making mistakes.,3,3,4,3,4,3,5,"They’re all good, the wording is a lil weird for some of the questions",Yes,N/A,You worded it wrong
6/28/2026 18:53:01,Julian Xu,4,4,4,Do you like your current group? ,1,1,1,Is everyone in your group working equally or as content as others?,2,2,4,5,1,4,5,Are your other participants eager to help and collaborate?,5,3,5,4,5,4,5,Do participants try to expose and present each others ideas and opinions about the topic?,Yes,N/A,N/A
6/28/2026 18:53:04,Brendan Chu,3,3,3,,3,2,3,,3,4,3,3,2,3,3,,2,3,3,3,4,3,3,,Yes,N/a,Daniel Ethan Allen Elliot 
6/28/2026 18:53:25,Allen pankey,3,3,3,,3,3,3,,1,4,1,5,1,4,4,,3,3,3,4,3,3,3,,Yes,Efficiency ,Ive switched to shannon  elliot and idk🫩
6/28/2026 18:53:25,Eunsen Dewar,4,4,4,Maybe change one of the questions to how much you felt you participated,2,2,3,,2,3,2,5,2,5,4,,3,4,4,5,5,5,4,,Yes,Na,"Julian, Raphael, Benjamin, Michael"
6/28/2026 18:53:35,Michael Vorobyev,4,4,4,I would make my roommate actually take out his trash ,2,3,3,Idk,2,3,2,3,1,1,2,Idk,2,3,4,3,3,2,4,,Yes,N/A,N/A
6/28/2026 18:54:16,Ethan Weiss,5,5,5,"I personally think that the questions are pretty similar, do maybe a bit more variety",5,5,3,"Again, very similar question",3,5,1,4,1,3,5,,3,3,5,3,4,5,5,,Yes,N/A,N/A
6/28/2026 18:55:43,Daniel Elias,5,5,5,I wouldn't change them .,2,2,2,,1,5,2,5,1,5,5,,4,4,4,3,4,5,5,,Yes,N/A,N/A
6/28/2026 18:55:51,Sheyla Hernandez ,5,5,5,If i had a magic wand i would change one of the questions to Do you feel like you contributed enough to this group or Did you feel like you were welcomed in this group ,5,5,4,,1,4,1,5,1,5,4,,5,4,3,5,5,5,5,,Yes,N/A,N/A
6/28/2026 18:56:37,Raphael benaim ,5,5,5,No they’re good,1,1,1,"Good, but it’s unclear if it’s about this new group or last weeks. I chose last weeks",1,5,2,4,1,5,5,👌,5,5,5,5,4,1,5,,Yes,Na,Na
6/28/2026 18:57:45,Stella Schuren,5,4,5,Nothing ,5,5,3,Nothing ,1,5,1,5,2,5,4,Nothing ,5,5,4,5,5,3,5,Nothing ,No,Because I need to meet new people ,?