Timestamp,What is your first and last name,When I operate new equipment I generally: ,"When I cook a new dish, I like to ","If I am teaching someone something new, I tend to ",I tend to say,During my free time I mostly enjoy,"When I go shopping for clothes, I tend to",When I am choosing a holiday I usually,"If I was buying a new car, I would","When I am learning a new skill, I am most comfortable","If I am picking food off a menu, I tend to","When I listen to a band, I can't help","When I concentrate, I most often",I choose household furnishings because I like ,My first memory is of,"When i am anxious, I",I feel especially connected to other people because of ,"When I have to revise for an exam, I generally",If I am explaining something to someone I tend to,I really love,Most of my free time is spent,"When I first contact a new person, I usually",I first notice how people,"If I am angry, I tend to",I find it easiest to remember,I think that you can tell if someone is lying if,When I meet an old friend,I remember things best by,"If I have to complain about faulty goods, I am most comfortable",I tend to say,"If you had a magic wand,  what would you change about these questions?",I believe I will receive an excellent grade in this class. ,I'm certain I can understand the most difficult material presented in the readings for this course. ,I'm confident I can understand the basic concepts taught in this course. ,I'm confident I can understand the most complex material presented by the instructor in this course. ,I'm confident I can do an excellent job on the assignments and tests in this course. ,I expect to do well in this class. ,I'm certain I can master the skills being taught in this class. ,"Considering the difficulty of this course, the teacher, and my skills, I think I will do well in this class.","If you had a magic wand,  what would you change about these questions?",I sit near the front of the class if possible.,I am alert in classes,I ask the instructor questions when clarification is needed.,I volunteer answers to questions posed by instructors in the class.,I participate in meaningful class discussions.,I take the initiative in group activities.,"I use a study method which helps me develop an interest in the material to be
studied.","If you had a magic wand,  what would you change about these questions?",I arrive at classes and other meetings on time.,I devote sufficient study time to each of my courses.,I schedule definite times and outline specific goals for my study time.,I prepare a “to do” list daily.,I avoid activities which tend to interfere with my planned schedule.,I use prime time when I am most alert for study.,"At the beginning of the term, I make up daily activity and study schedules.",I begin major course assignments well in advance.,"If you had a magic wand,  what would you change about these questions?",To which gender identity do you most identify?,To which ethnicity do you most identify?,What year are you?,"How did you feel about the length of the survey, relative to what it is trying accomplish?"
7/5/2026 20:04:14,Shannon Economou,read the instructions first,follow a written recipe,demonstrate first and then let them have a go,you have a go,listening to music and talking to my friends,try them on and test them out,read lots of brochures,test-drive lots of different types,talking through with the teacher exactly what I'm supposed to do,imagine what the food will taste like,listening to the lyrics and the beats,discuss the problem and the possible solutions in my head,their textures and what it feels like to touch them,doing something,visualize the worst-case scenarios,how they make me feel,"talk over my notes, alone or with other people",explain to them in different ways until they understand,"listening to music, the radio or talking to friends",talking to friends,"try to get together whilst doing something else, such as an activity or a meal",look and dress,"stamp about, slam doors and physically demonstrate my anger",faces,they give me funny vibes,I give them a hug or a handshake,saying them aloud or repeating words and key points in my head,taking the item back to the store or posting it to head office,I know how you feel,,4,4,6,4,4,5,5,5,,Somtimes,Usually,Usually,Sometimes,Sometimes,Sometimes,Usually,,Always,Usually,Usually,Sometimes,Sometimes,Sometimes,Usually,Usually,,She/they (demigirl),Irish/greek,Freshman,
7/5/2026 20:05:54,Angela Wang,listen to an explanation from someone who has used it before,follow a written recipe,give them a verbal explanation,you have a go,listening to music and talking to my friends,try them on and test them out,listen to recommendations from friends,read reviews in magazines or online,watching what the teacher is doing,talk through the options in my head or with someone else,watching the band members and other people in the audience,discuss the problem and the possible solutions in my head,their colors and how they look,doing something,"can't sit still, I fiddle and move around constantly",how they make me feel,"talk over my notes, alone or with other people",explain to them in different ways until they understand,"listening to music, the radio or talking to friends",talking to friends,"try to get together whilst doing something else, such as an activity or a meal",look and dress,keep replaying in my mind what it is that has upset me,things I have done,they give me funny vibes,"I say ""its great to see you""",writing notes or keeping printed details,taking the item back to the store or posting it to head office,I see what you mean,,3,4,5,3,3,3,3,3,,Usually,Usually,Never,Never,Sometimes,Never,Usually,,Always,Usually,Sometimes,Sometimes,Usually,Usually,Usually,Sometimes,,Prefer not to say,Asian,7-8,
7/5/2026 20:05:57,Benjamin Emerson,"go ahead and have a go, I can figure it out as I use it","follow my instincts, testing as I cook",demonstrate first and then let them have a go,watch how I do it,"playing sports, going to the gym or doing DIY",try them on and test them out,imagine what it would be like to be there,test-drive lots of different types,talking through with the teacher exactly what I'm supposed to do,imagine what the food will taste like,moving in time with the music,discuss the problem and the possible solutions in my head,their textures and what it feels like to touch them,looking at something,visualize the worst-case scenarios,what they say to me,write lots of revision notes and diagrams,explain to them in different ways until they understand,"taking part in sporting activities, eating fine foods and wines or dancing",doing physical activity or making things,arrange a face to face meeting,sound and speak,keep replaying in my mind what it is that has upset me,things I have done,they give me funny vibes,"I say ""its great to see you""",saying them aloud or repeating words and key points in my head,taking the item back to the store or posting it to head office,I see what you mean,,6,6,6,6,6,6,6,7,,Always,Usually,Usually,Always,Always,Usually,Usually,,Always,Always,Usually,Sometimes,Sometimes,Sometimes,Usually,Usually,,Male,Caucasian,Freshman,
7/5/2026 20:06:26,Elliot Levinsky ,read the instructions first,follow a written recipe,demonstrate first and then let them have a go,watch how I do it,listening to music and talking to my friends,imagine what they would look like on,read lots of brochures,test-drive lots of different types,watching what the teacher is doing,imagine what the food will taste like,listening to the lyrics and the beats,focus on the words or the pictures in front of me,their colors and how they look,looking at something,visualize the worst-case scenarios,how they make me feel,write lots of revision notes and diagrams,explain to them in different ways until they understand,"taking part in sporting activities, eating fine foods and wines or dancing",doing physical activity or making things,talk to them on the telephone,look and dress,"stamp about, slam doors and physically demonstrate my anger",faces,they avoid looking at you,"I say ""its great to see you""",writing notes or keeping printed details,writing a letter,I see what you mean,What’s the purpose of this?,6,6,6,6,5,4,5,5,"Do you think your teacher will be proud of
Your improvement?",Somtimes,Usually,Always,Usually,Always,Usually,Usually,N/A,Usually,Always,Usually,Usually,Always,Always,Always,Always,N/A,Male,Caucasian,Junior,Too long
7/5/2026 20:08:53,Julian Xu,read the instructions first,follow a written recipe,give them a verbal explanation,watch how I do it,listening to music and talking to my friends,try them on and test them out,read lots of brochures,discuss what I need with my friends,talking through with the teacher exactly what I'm supposed to do,imagine what the food will taste like,listening to the lyrics and the beats,discuss the problem and the possible solutions in my head,their textures and what it feels like to touch them,doing something,talk over in my head what worries me most,how they make me feel,"talk over my notes, alone or with other people",encourage them to try and talk them through my idea as they do it,"listening to music, the radio or talking to friends",watching television,talk to them on the telephone,look and dress,keep replaying in my mind what it is that has upset me,faces,they give me funny vibes,"I say ""its great to see you""",doing and practicing the activity or imagining it being done,writing a letter,I see what you mean,"You should add other and let people write down what they do for some, like the angry one.",6,6,7,5,6,7,5,6,What are the topics your weak in?,Somtimes,Usually,Usually,Sometimes,Sometimes,Usually,Never,I have a real reason that I want to do this out of my own self passion and goals.,Always,Usually,Never,Never,Sometimes,Never,Never,Always,I don’t really have a prime time If I were to be honest. Maybe add that perhaps?,Male,Asian,Going into 8th grade,Nice 
7/5/2026 20:09:04,Daniel Elias,"go ahead and have a go, I can figure it out as I use it",follow a written recipe,give them a verbal explanation,watch how I do it,listening to music and talking to my friends,try them on and test them out,imagine what it would be like to be there,discuss what I need with my friends,giving it  a try myself and work it out as I go,imagine what the food will taste like,listening to the lyrics and the beats,"move around alot, fiddle with pens and pencils and touch things",their textures and what it feels like to touch them,doing something,talk over in my head what worries me most,how they make me feel,"talk over my notes, alone or with other people",show them what I mean,"listening to music, the radio or talking to friends",watching television,"try to get together whilst doing something else, such as an activity or a meal",look and dress,keep replaying in my mind what it is that has upset me,faces,they give me funny vibes,I give them a hug or a handshake,doing and practicing the activity or imagining it being done,taking the item back to the store or posting it to head office,I see what you mean,,3,2,7,1,2,3,6,2,,Somtimes,Sometimes,Usually,Sometimes,Sometimes,Usually,Never,,Usually,Never,Never,Sometimes,Never,Sometimes,Never,Sometimes,,Male,Hispanic/LatinX,Freshman,"It is very long but also very personal, some questions are also repeated but with diferente wording"
7/5/2026 20:10:09,Vedika Vivek,read the instructions first,follow a written recipe,demonstrate first and then let them have a go,watch how I do it,"playing sports, going to the gym or doing DIY",imagine what they would look like on,listen to recommendations from friends,test-drive lots of different types,talking through with the teacher exactly what I'm supposed to do,imagine what the food will taste like,watching the band members and other people in the audience,"move around alot, fiddle with pens and pencils and touch things",their colors and how they look,doing something,visualize the worst-case scenarios,what they say to me,write lots of revision notes and diagrams,encourage them to try and talk them through my idea as they do it,"taking part in sporting activities, eating fine foods and wines or dancing",watching television,"try to get together whilst doing something else, such as an activity or a meal",look and dress,raise my voice and tell people how I feel,faces,they give me funny vibes,"I say ""its great to see you""",doing and practicing the activity or imagining it being done,taking the item back to the store or posting it to head office,I hear what you are saying,,5,5,6,5,5,5,6,5,,Somtimes,Usually,Always,Sometimes,Usually,Sometimes,Sometimes,,Always,Usually,Usually,Sometimes,Sometimes,Sometimes,Always,Usually,,Female,Asian,Freshman,
7/5/2026 20:12:12,sheyla hernandez,read the instructions first,follow a written recipe,demonstrate first and then let them have a go,listen to me explain,"playing sports, going to the gym or doing DIY",try them on and test them out,listen to recommendations from friends,read reviews in magazines or online,talking through with the teacher exactly what I'm supposed to do,talk through the options in my head or with someone else,listening to the lyrics and the beats,"move around alot, fiddle with pens and pencils and touch things",their colors and how they look,doing something,"can't sit still, I fiddle and move around constantly",how they make me feel,"talk over my notes, alone or with other people",explain to them in different ways until they understand,"listening to music, the radio or talking to friends",doing physical activity or making things,"try to get together whilst doing something else, such as an activity or a meal",sound and speak,keep replaying in my mind what it is that has upset me,names,they avoid looking at you,I give them a hug or a handshake,saying them aloud or repeating words and key points in my head,taking the item back to the store or posting it to head office,I see what you mean,,6,6,7,6,6,6,7,7,,Somtimes,Always,Always,Usually,Usually,Usually,Usually,,Always,Always,Always,Always,Usually,Usually,Always,Always,,Female,Hispanic/LatinX,Freshman,I feel like the length of the survey are reasonable towards the way it relates to the research and purposes of this survey.
7/5/2026 20:12:22,Stella Schuren ,read the instructions first,"follow my instincts, testing as I cook",demonstrate first and then let them have a go,you have a go,"playing sports, going to the gym or doing DIY",imagine what they would look like on,imagine what it would be like to be there,test-drive lots of different types,watching what the teacher is doing,imagine what the food will taste like,moving in time with the music,"move around alot, fiddle with pens and pencils and touch things",their colors and how they look,doing something,"can't sit still, I fiddle and move around constantly",what they say to me,write lots of revision notes and diagrams,encourage them to try and talk them through my idea as they do it,"listening to music, the radio or talking to friends",doing physical activity or making things,arrange a face to face meeting,stand and move,"stamp about, slam doors and physically demonstrate my anger",faces,their voices changes,"I say ""its great to see you""",doing and practicing the activity or imagining it being done,complaining over the phone,I see what you mean,,6,6,7,7,5,6,7,5,,Usually,Usually,Always,Usually,Usually,Usually,Always,,Always,Always,Always,Usually,Sometimes,Usually,Usually,Always,,Female,German/ English ,Grad student,I think it’s a good length 
7/5/2026 20:15:19,Ethan Weiss,"go ahead and have a go, I can figure it out as I use it","follow my instincts, testing as I cook",give them a verbal explanation,you have a go,"playing sports, going to the gym or doing DIY",imagine what they would look like on,listen to recommendations from friends,discuss what I need with my friends,giving it  a try myself and work it out as I go,talk through the options in my head or with someone else,moving in time with the music,discuss the problem and the possible solutions in my head,their textures and what it feels like to touch them,doing something,"can't sit still, I fiddle and move around constantly",how they make me feel,imagine making the movement or creating the formula,show them what I mean,"taking part in sporting activities, eating fine foods and wines or dancing",doing physical activity or making things,"try to get together whilst doing something else, such as an activity or a meal",stand and move,raise my voice and tell people how I feel,faces,they give me funny vibes,"I say ""its great to see you""",doing and practicing the activity or imagining it being done,taking the item back to the store or posting it to head office,I see what you mean,"ALLOW MULTIPLE OPTIONS!
Or perhaps a Other option where you can type.",6,7,7,7,5,4,6,7,,Somtimes,Sometimes,Always,Sometimes,Always,Sometimes,Sometimes,,Sometimes,Sometimes,Never,Sometimes,Sometimes,Never,Never,Sometimes,For the” to do list “puestion does it mean a phisical ToDo List or a mental ToDo list,Male,Israeli but grown up in Switzerland ,Sophmore,
7/5/2026 20:16:07,Raphael benaim,read the instructions first,follow a written recipe,give them a verbal explanation,watch how I do it,listening to music and talking to my friends,try them on and test them out,imagine what it would be like to be there,read reviews in magazines or online,watching what the teacher is doing,imagine what the food will taste like,listening to the lyrics and the beats,discuss the problem and the possible solutions in my head,their colors and how they look,looking at something,visualize the worst-case scenarios,what they say to me,"talk over my notes, alone or with other people",explain to them in different ways until they understand,"watching films, photography, looking at art or people watching",watching television,"try to get together whilst doing something else, such as an activity or a meal",sound and speak,keep replaying in my mind what it is that has upset me,things I have done,they avoid looking at you,"I say ""its great to see you""",doing and practicing the activity or imagining it being done,writing a letter,I hear what you are saying,,6,6,7,6,6,6,5,6,,Somtimes,Usually,Always,Usually,Usually,Usually,Sometimes,,Always,Usually,Usually,Usually,Sometimes,Sometimes,Sometimes,Sometimes,,Prefer not to say,Rather not say,Sophmore,"The questions are meaningless, so too long"
7/5/2026 20:16:12,Brendan Chu,read the instructions first,follow a written recipe,demonstrate first and then let them have a go,watch how I do it,listening to music and talking to my friends,try them on and test them out,listen to recommendations from friends,discuss what I need with my friends,talking through with the teacher exactly what I'm supposed to do,talk through the options in my head or with someone else,listening to the lyrics and the beats,"move around alot, fiddle with pens and pencils and touch things",their textures and what it feels like to touch them,being spoken to,visualize the worst-case scenarios,how they make me feel,"talk over my notes, alone or with other people",explain to them in different ways until they understand,"watching films, photography, looking at art or people watching",doing physical activity or making things,arrange a face to face meeting,look and dress,raise my voice and tell people how I feel,names,they give me funny vibes,"I say ""its great to see you""",doing and practicing the activity or imagining it being done,writing a letter,I see what you mean,,4,3,6,2,3,5,6,5,,Somtimes,Usually,Usually,Sometimes,Usually,Sometimes,Sometimes,,Usually,Sometimes,Sometimes,Never,Usually,Sometimes,Sometimes,Sometimes,,Male,Biracial-white/asian,Freshman,A bit over the top; some questions are repetitive and can be combined into a single question.
7/5/2026 20:17:52,Michael,listen to an explanation from someone who has used it before,call a friend for an explanation,give them a verbal explanation,watch how I do it,listening to music and talking to my friends,try them on and test them out,imagine what it would be like to be there,test-drive lots of different types,talking through with the teacher exactly what I'm supposed to do,imagine what the food will taste like,listening to the lyrics and the beats,"move around alot, fiddle with pens and pencils and touch things",their textures and what it feels like to touch them,doing something,"can't sit still, I fiddle and move around constantly",what they say to me,imagine making the movement or creating the formula,explain to them in different ways until they understand,"listening to music, the radio or talking to friends",watching television,talk to them on the telephone,sound and speak,raise my voice and tell people how I feel,faces,they give me funny vibes,I give them a hug or a handshake,saying them aloud or repeating words and key points in my head,taking the item back to the store or posting it to head office,I see what you mean,,7,6,7,6,7,7,7,7,,Somtimes,Usually,Usually,Sometimes,Always,Sometimes,Never,,Always,Sometimes,Never,Never,Usually,Never,Never,Always,,Male,European,Freshman,
7/5/2026 20:20:46,Allen pankey ,listen to an explanation from someone who has used it before,follow a written recipe,demonstrate first and then let them have a go,watch how I do it,"playing sports, going to the gym or doing DIY",try them on and test them out,imagine what it would be like to be there,read reviews in magazines or online,talking through with the teacher exactly what I'm supposed to do,imagine what the food will taste like,listening to the lyrics and the beats,discuss the problem and the possible solutions in my head,their colors and how they look,looking at something,talk over in my head what worries me most,what they say to me,write lots of revision notes and diagrams,explain to them in different ways until they understand,"taking part in sporting activities, eating fine foods and wines or dancing",doing physical activity or making things,"try to get together whilst doing something else, such as an activity or a meal",stand and move,keep replaying in my mind what it is that has upset me,faces,they give me funny vibes,I give them a hug or a handshake,doing and practicing the activity or imagining it being done,taking the item back to the store or posting it to head office,I hear what you are saying,,5,5,5,4,4,5,5,4,,Usually,Sometimes,Usually,Usually,Usually,Usually,Sometimes,,Sometimes,Usually,Sometimes,Sometimes,Usually,Sometimes,Sometimes,Sometimes,,Male,Black/African,Sophomore ,Couldve been shorter
7/5/2026 20:24:00,Eunsen Dewar,read the instructions first,follow a written recipe,demonstrate first and then let them have a go,watch how I do it,"playing sports, going to the gym or doing DIY",imagine what they would look like on,imagine what it would be like to be there,read reviews in magazines or online,giving it  a try myself and work it out as I go,talk through the options in my head or with someone else,listening to the lyrics and the beats,"move around alot, fiddle with pens and pencils and touch things",their textures and what it feels like to touch them,doing something,"can't sit still, I fiddle and move around constantly",how they make me feel,"talk over my notes, alone or with other people",explain to them in different ways until they understand,"watching films, photography, looking at art or people watching",watching television,"try to get together whilst doing something else, such as an activity or a meal",stand and move,raise my voice and tell people how I feel,things I have done,they give me funny vibes,"I say ""its great to see you""",writing notes or keeping printed details,writing a letter,I see what you mean,,5,4,6,4,5,6,4,4,,Somtimes,Usually,Usually,Sometimes,Sometimes,Sometimes,Never,,Usually,Sometimes,Sometimes,Never,Usually,Never,Always,Never,Add an option that is rarely that can fin between never and sometimes,Male,Asian,Freshman,The survey it a tad bit long