Timestamp,What is your first and last name,I believe I will receive an excellent grade in this class. ,I'm certain I can understand the most difficult material presented in the readings for this course. ,I'm confident I can understand the basic concepts taught in this course. ,I'm confident I can understand the most complex material presented by the instructor in this course. ,I'm confident I can do an excellent job on the assignments and tests in this course. ,I expect to do well in this class. ,I'm certain I can master the skills being taught in this class. ,"Considering the difficulty of this course, the teacher, and my skills, I think I will do well in this class.","If you had a magic wand,  what would you change about these questions?",I sit near the front of the class if possible.,I am alert in classes,I ask the instructor questions when clarification is needed.,I volunteer answers to questions posed by instructors in the class.,I participate in meaningful class discussions.,I take the initiative in group activities.,"I use a study method which helps me develop an interest in the material to be
studied.","If you had a magic wand,  what would you change about these questions?",I arrive at classes and other meetings on time.,I devote sufficient study time to each of my courses.,I schedule definite times and outline specific goals for my study time.,I prepare a “to do” list daily.,I avoid activities which tend to interfere with my planned schedule.,I use prime time when I am most alert for study.,"At the beginning of the term, I make up daily activity and study schedules.",I begin major course assignments well in advance.,"If you had a magic wand,  what would you change about these questions?"
6/28/2026 20:02:52,Shannon economou,5,5,5,5,6,6,6,5,,Somtimes,Always,Always,Usually,Always,Sometimes,Always,,Always,Always,Always,Sometimes,Sometimes,Always,Sometimes,Usually,
6/28/2026 20:03:30,Brendan Chu ,4,4,4,4,4,4,4,4,,Somtimes,Sometimes,Sometimes,Sometimes,Sometimes,Sometimes,Sometimes,,Usually,Usually,Usually,Usually,Usually,Usually,Usually,Usually,
6/28/2026 20:03:46,Benjamin Emerson,6,6,7,6,6,7,7,7,,Always,Usually,Always,Always,Usually,Always,Sometimes,,Always,Always,Always,Usually,Usually,Sometimes,Never,Always,
6/28/2026 20:03:54,Angela Wang,2,4,4,2,1,3,2,4,,Somtimes,Sometimes,Never,Never,Never,Never,Sometimes,,Always,Usually,Sometimes,Usually,Usually,Sometimes,Never,Sometimes,
6/28/2026 20:04:12,Eunsen Dewar,5,6,7,5,5,6,5,5,,Somtimes,Usually,Always,Usually,Usually,Sometimes,Usually,,Always,Sometimes,Sometimes,Sometimes,Sometimes,Sometimes,Never,Never,
6/28/2026 20:04:42,Julian Xu,5,5,7,5,6,7,5,7,How would you rate your self esteem and motivation?,Always,Usually,Usually,Sometimes,Sometimes,Usually,Never,"
I try my best in this class.",Always,Usually,Never,Sometimes,Never,Sometimes,Always,Sometimes,"Do you actually study, or are you just trying to not luck bad? (Judgement Free Zone)"
6/28/2026 20:04:42,Ethan Weiss,4,6,7,7,4,4,4,4,,Somtimes,Usually,Always,Usually,Always,Usually,Sometimes,,Always,Usually,Never,Sometimes,Never,Never,Never,Sometimes,
6/28/2026 20:05:11,Michael Vorobyev,6,6,7,6,7,7,6,6,,Somtimes,Usually,Always,Sometimes,Usually,Always,Sometimes,,Usually,Always,Sometimes,Sometimes,Usually,Never,Never,Usually,
6/28/2026 20:06:21,Allen pankey ,5,5,5,5,4,4,6,4,,Somtimes,Usually,Usually,Usually,Usually,Usually,Sometimes,,Usually,Usually,Sometimes,Sometimes,Sometimes,Sometimes,Sometimes,Sometimes,
6/28/2026 20:07:14,Stella Schuren,5,5,6,5,5,5,5,4,Nothing ,Always,Always,Usually,Usually,Always,Always,Always,Nothing ,Always,Always,Always,Sometimes,Sometimes,Usually,Usually,Always,Nothing 
6/28/2026 20:07:47,Sheyla Hernandez,5,6,7,6,6,7,7,7,,Usually,Usually,Always,Sometimes,Usually,Sometimes,Sometimes,,Usually,Always,Always,Always,Usually,Always,Usually,Usually,
6/28/2026 20:08:06,Daniel Elias,3,2,6,2,2,3,5,3,,Usually,Sometimes,Always,Sometimes,Sometimes,Sometimes,Usually,,Always,Sometimes,Sometimes,Usually,Never,Sometimes,Never,Sometimes,
6/28/2026 20:09:25,Vedika Vivek,5,4,5,3,4,6,4,4,,Usually,Usually,Always,Usually,Usually,Usually,Usually,,Usually,Usually,Sometimes,Usually,Sometimes,Sometimes,Usually,Sometimes,